{
    "MAPE": 0.29823867689938083,
    "MSE": 97.0004043392153,
    "r2": 0.9593892002206258
}
