{
    "MAPE": 0.3071725380149323,
    "MSE": 69.09821503990361,
    "r2": 0.9622995381019364
}
