{
    "MAPE": 49916552022528.56,
    "MSE": 97.95110392425023,
    "r2": 0.9510217443751715
}
