{
    "MAPE": 0.3073797630573569,
    "MSE": 97.95110392425023,
    "r2": 0.9510217443751715
}
