{
    "MAPE": 0.3291223462652013,
    "MSE": 85.86170773091757,
    "r2": 0.9596856417281764
}
