{
    "MAPE": 0.311424124117111,
    "MSE": 78.40094498756537,
    "r2": 0.960925410985829
}
